,,,,,,,Analysis:,,,,Proposed Model:,,,Proposed Model,,,,,,,,,,,,,,,Proposed Model,,,,,,,,,,,,,Proposed Model,,,,,,,,,,,,,Proposed Model,,,,,,,,,,,,,,,,Proposed Model,,,Proposed Model,,,,,,Flexibility,Calculated SSFs,,Standard Model:,,,Standard Model,,,,,,,,,,,,,,,Standard Model,,,,,,,,,,,,,Standard Model,,,,,,,,,,,,,Standard Model,,,,,,,,,,,,,,,Standard Model,,,Standard Model,,,,,,Proposed Model,,,,,,,,,,,,,,,Standard Model,,,,,,,,,,,,,,,Calling,Compliance,,,,Secondary,,,Report Generation,,Proposed Model,,,,,,,,,,,,,,,Proposed Model,,,,,,,,,,,,,Standard Model,,,,,,,,,,,,,,,Standard Model,,,,,,,,,,,,,Proposed Model,,,,,,,,,,,,,,,Standard Model,,,,,,,,,,,,,,,Target Performance:,,,,,,,,,,,,,
,,,,,Conditioned Floor,Total Floor,,,Pass /,Compliance,Elapsed,,,Electric Energy Consumption (kWh),,,,,,,,,,,,,,,Natural Gas Energy Consumption (therms),,,,,,,,,,,,,Propane Energy Consumption (MBtu),,,,,,,,,,,,,Long-term System Cost ($/ft2),,,,,,,,,,,,,,,,LSC by Fuel ($/ft2),,,Cooling Unmet Load Hours,,,Heating Unmet Load Hours,,,Req'd PV,Proposed,Standard,Elapsed,,,Electric Energy Consumption (kWh),,,,,,,,,,,,,,,Natural Gas Energy Consumption (therms),,,,,,,,,,,,,Propane Energy Consumption (MBtu),,,,,,,,,,,,,Long-term System Cost ($/ft2),,,,,,,,,,,,,,,LSC by Fuel ($/ft2),,,Cooling Unmet Load Hours,,,Heating Unmet Load Hours,,,Generation Coincident Peak Demand (kW),,,,,,,,,,,,,,,Generation Coincident Peak Demand (kW),,,,,,,,,,,,,,,Application,Manager,Ruleset,OpenStudio,EnergyPlus,Simulation,,,NRCC/LMCC PRF Processing,,Site Electric CO2 Emissions (tonne),,,,,,,,,,,,,,,Site Fuel CO2 Emissions (tonne),,,,,,,,,,,,,Site Electric CO2 Emissions (tonne),,,,,,,,,,,,,,,Site Fuel CO2 Emissions (tonne),,,,,,,,,,,,,Source Energy Use (kBtu/ft2),,,,,,,,,,,,,,,Source Energy Use (kBtu/ft2),,,,,,,,,,,,,,
Start Date & Time,Filename (saved to),Run Title,Weather Station,Results Set,Area (SqFt),Area (SqFt),Analysis Type,Elapsed Time,Fail,Margin,Time,Rule Eval Status,Simulation Status,Spc Heating,Spc Cooling,Indoor Fans,Ht Reject,Pumps & Misc,Domestic Hot Water,Indoor Lighting,Comp Total,Receptacle,Process,Other Ltg,Proc Mtrs,PV,Battery,TOTAL,Spc Heating,Spc Cooling,Indoor Fans,Ht Reject,Pumps & Misc,Domestic Hot Water,Indoor Lighting,Comp Total,Receptacle,Process,Other Ltg,Proc Mtrs,TOTAL,Spc Heating,Spc Cooling,Indoor Fans,Ht Reject,Pumps & Misc,Domestic Hot Water,Indoor Lighting,Comp Total,Receptacle,Process,Other Ltg,Proc Mtrs,TOTAL,Spc Heating,Spc Cooling,Indoor Fans,Ht Reject,Pumps & Misc,Domestic Hot Water,Indoor Lighting,Flexibility,Comp Total,Receptacle,Process,Other Ltg,Proc Mtrs,PV,Battery,TOTAL,Electric,Natural Gas,Propane,Zone Max,Zone Name,Num Zones Exceed Max,Zone Max,Zone Name,Num Zones Exceed Max,(kW),(frac),(frac),Time,Rule Eval Status,Simulation Status,Spc Heating,Spc Cooling,Indoor Fans,Ht Reject,Pumps & Misc,Domestic Hot Water,Indoor Lighting,Comp Total,Receptacle,Process,Other Ltg,Proc Mtrs,PV,Battery,TOTAL,Spc Heating,Spc Cooling,Indoor Fans,Ht Reject,Pumps & Misc,Domestic Hot Water,Indoor Lighting,Comp Total,Receptacle,Process,Other Ltg,Proc Mtrs,TOTAL,Spc Heating,Spc Cooling,Indoor Fans,Ht Reject,Pumps & Misc,Domestic Hot Water,Indoor Lighting,Comp Total,Receptacle,Process,Other Ltg,Proc Mtrs,TOTAL,Spc Heating,Spc Cooling,Indoor Fans,Ht Reject,Pumps & Misc,Domestic Hot Water,Indoor Lighting,Comp Total,Receptacle,Process,Other Ltg,Proc Mtrs,PV,Battery,TOTAL,Electric,Natural Gas,Propane,Zone Max,Zone Name,Num Zones Exceed Max,Zone Max,Zone Name,Num Zones Exceed Max,Spc Heating,Spc Cooling,Indoor Fans,Ht Reject,Pumps & Misc,Domestic Hot Water,Indoor Lighting,Comp Total,Receptacle,Process,Other Ltg,Proc Mtrs,PV,Battery,TOTAL,Spc Heating,Spc Cooling,Indoor Fans,Ht Reject,Pumps & Misc,Domestic Hot Water,Indoor Lighting,Comp Total,Receptacle,Process,Other Ltg,Proc Mtrs,PV,Battery,TOTAL,Version,Version,Version,Version,Version,Version,Weather File Path,Project Path,Transaction ID,Date/Time,Spc Heating,Spc Cooling,Indoor Fans,Ht Reject,Pumps & Misc,Domestic Hot Water,Indoor Lighting,Comp Total,Receptacle,Process,Other Ltg,Proc Mtrs,PV,Battery,TOTAL,Spc Heating,Spc Cooling,Indoor Fans,Ht Reject,Pumps & Misc,Domestic Hot Water,Indoor Lighting,Comp Total,Receptacle,Process,Other Ltg,Proc Mtrs,TOTAL,Spc Heating,Spc Cooling,Indoor Fans,Ht Reject,Pumps & Misc,Domestic Hot Water,Indoor Lighting,Comp Total,Receptacle,Process,Other Ltg,Proc Mtrs,PV,Battery,TOTAL,Spc Heating,Spc Cooling,Indoor Fans,Ht Reject,Pumps & Misc,Domestic Hot Water,Indoor Lighting,Comp Total,Receptacle,Process,Other Ltg,Proc Mtrs,TOTAL,Spc Heating,Spc Cooling,Indoor Fans,Ht Reject,Pumps & Misc,Domestic Hot Water,Indoor Lighting,Comp Total,Receptacle,Process,Other Ltg,Proc Mtrs,PV,Battery,TOTAL,Spc Heating,Spc Cooling,Indoor Fans,Ht Reject,Pumps & Misc,Domestic Hot Water,Indoor Lighting,Comp Total,Receptacle,Process,Other Ltg,Proc Mtrs,PV,Battery,TOTAL,Efficiency Compliance,Total Compliance,Receptacle,Process,Other Ltg,Proc Mtrs,TOTAL,Efficiency Compliance,Total Compliance,Receptacle,Process,Other Ltg,Proc Mtrs,TOTAL
2026-06-01 10:47:32,"OffSml-AdvIDEC","","SACRAMENTO EXECUTIVE","Metrics 2025 (Oct 2022)",5502.05,5502.05,"Title24Compliance",4:25,FAIL,-19.25,"--","--","E+ Successful (3485 warnings)",6976.93,51.1969,19091.7,0,0,1680.93,5448.32,33249.1,23566.7,0,0,0,0,0,56815.8,0,0,0,0,0,0,0,0,0,0,0,0,0,0,0,0,0,0,0,0,0,0,0,0,0,0,8.37858,0.0421984,19.0186,0,0,1.50993,4.94711,0,33.8964,19.9298,0,0,0,0,0,53.8262,53.8262,0,0,0,,0,39.25,"Perimeter_ZN_3 Thermal Zone",0,,,,"--","--","CSE Successful, E+ Successful (136 warnings)",2391.96,7725.84,17902.8,0,0,1674.15,5448.32,8278.96,23566.7,0,0,0,-27057.6,193.558,31845.6,0,0,0,0,0,0,0,0,0,0,0,0,0,0,0,0,0,0,0,0,0,0,0,0,0,0,3.07876,6.30123,17.068,0,0,1.50473,4.94711,14.6458,19.9298,0,0,0,-17.7122,-0.541887,34.5756,34.5756,0,0,0,,0,0,,0,1.75093,0.000280877,2.09488,0,0,0.0803427,0.234218,4.16066,0.60734,0,0,0,0,0,4.768,0.789995,0.083956,1.1307,0,0,0.0822758,0.234218,1.94675,0.60734,0,0,0,-0.0447661,-0.32963,2.55409,"CBECC 2025.2.1.1 (1409)","BEMCmpMgr 2025.2.1.1 (890)","CA 2025 Nonresidential, Vers. 1.0","3.10.0+e80a80c812","26.2.0-e34dc4614b","CSE 0.928.0 EXE","C:\dev\bigladder\CBECC\Weather\2025\","C:\dev\bigladder\CBECC\Test\",,,1.09144,0.00174777,1.63245,0,0,0.10695,0.360696,3.19,1.22577,0,0,0,0,0,4.42,0,0,0,0,0,0,0,0,0,0,0,0,0,0.432892,0.228764,1.33274,0,0,0.106903,0.360696,1.7,1.22577,0,0,0,-0.616276,-0.141527,2.93,0,0,0,0,0,0,0,0,0,0,0,0,0,3.74917,0.00600374,5.6076,0,0,0.367383,1.23902,10.9692,4.21062,0,0,0,0,0,15.1798,1.48702,0.785824,4.57809,0,0,0.367219,1.23902,5.85406,4.21062,0,0,0,-2.11696,-0.486156,10.0647,,,,,,,,,,,,,,,
2026-06-01 16:05:10,"OffSml-AdvIDEC","","SACRAMENTO EXECUTIVE","Metrics 2025 (Oct 2022)",5502.05,5502.05,"Title24Compliance",2:58,FAIL,-19.25,"--","--","E+ Successful (3485 warnings)",6976.93,51.1969,19091.7,0,0,1680.93,5448.32,33249.1,23566.7,0,0,0,0,0,56815.8,0,0,0,0,0,0,0,0,0,0,0,0,0,0,0,0,0,0,0,0,0,0,0,0,0,0,8.37858,0.0421984,19.0186,0,0,1.50993,4.94711,0,33.8964,19.9298,0,0,0,0,0,53.8262,53.8262,0,0,0,,0,39.25,"Perimeter_ZN_3 Thermal Zone",0,,,,"--","--","CSE Successful, E+ Successful (136 warnings)",2391.96,7725.84,17902.8,0,0,1674.15,5448.32,8278.96,23566.7,0,0,0,-27057.6,193.558,31845.6,0,0,0,0,0,0,0,0,0,0,0,0,0,0,0,0,0,0,0,0,0,0,0,0,0,0,3.07876,6.30123,17.068,0,0,1.50473,4.94711,14.6458,19.9298,0,0,0,-17.7122,-0.541887,34.5756,34.5756,0,0,0,,0,0,,0,1.75093,0.000280877,2.09488,0,0,0.0803427,0.234218,4.16066,0.60734,0,0,0,0,0,4.768,0.789995,0.083956,1.1307,0,0,0.0822758,0.234218,1.94675,0.60734,0,0,0,-0.0447661,-0.32963,2.55409,"CBECC 2025.2.1.1 (1409)","BEMCmpMgr 2025.2.1.1 (890)","CA 2025 Nonresidential, Vers. 1.0","3.10.0+e80a80c812","26.2.0-e34dc4614b","CSE 0.928.0 EXE","C:\dev\bigladder\CBECC\Weather\2025\","C:\dev\bigladder\CBECC\Test\",,,1.09144,0.00174777,1.63245,0,0,0.10695,0.360696,3.19,1.22577,0,0,0,0,0,4.42,0,0,0,0,0,0,0,0,0,0,0,0,0,0.432892,0.228764,1.33274,0,0,0.106903,0.360696,1.7,1.22577,0,0,0,-0.616276,-0.141527,2.93,0,0,0,0,0,0,0,0,0,0,0,0,0,3.74917,0.00600374,5.6076,0,0,0.367383,1.23902,10.9692,4.21062,0,0,0,0,0,15.1798,1.48702,0.785824,4.57809,0,0,0.367219,1.23902,5.85406,4.21062,0,0,0,-2.11696,-0.486156,10.0647,,,,,,,,,,,,,,,
2026-06-01 16:32:01,"OffSml-AdvIDEC","","SACRAMENTO EXECUTIVE","Metrics 2025 (Oct 2022)",5502.05,5502.05,"Title24Compliance",2:58,FAIL,-10.76,"--","--","E+ Successful (1590 warnings)",5251.26,83.8229,13702.5,0,0,1680.94,5448.32,26166.8,23566.7,0,0,0,0,0,49733.5,0,0,0,0,0,0,0,0,0,0,0,0,0,0,0,0,0,0,0,0,0,0,0,0,0,0,6.24806,0.0792326,12.6216,0,0,1.50995,4.94711,0,25.4059,19.9298,0,0,0,0,0,45.3357,45.3357,0,0,0,,0,33,"Perimeter_ZN_3 Thermal Zone",0,,,,"--","--","CSE Successful, E+ Successful (136 warnings)",2391.96,7725.84,17902.8,0,0,1674.15,5448.32,8278.96,23566.7,0,0,0,-27057.6,193.558,31845.6,0,0,0,0,0,0,0,0,0,0,0,0,0,0,0,0,0,0,0,0,0,0,0,0,0,0,3.07876,6.30123,17.068,0,0,1.50473,4.94711,14.6458,19.9298,0,0,0,-17.7122,-0.541887,34.5756,34.5756,0,0,0,,0,0,,0,1.20013,0.0060043,0.834854,0,0,0.0803248,0.234218,2.35554,0.60734,0,0,0,0,0,2.96288,0.789995,0.083956,1.1307,0,0,0.0822758,0.234218,1.94675,0.60734,0,0,0,-0.0447661,-0.32963,2.55409,"CBECC 2025.2.1.1 (1409)","BEMCmpMgr 2025.2.1.1 (890)","CA 2025 Nonresidential, Vers. 1.0","3.10.0+e80a80c812","26.2.0-e34dc4614b","CSE 0.928.0 EXE","C:\dev\bigladder\CBECC\Weather\2025\","C:\dev\bigladder\CBECC\Test\",,,0.818185,0.00536834,0.929476,0,0,0.106948,0.360696,2.23,1.22577,0,0,0,0,0,3.46,0,0,0,0,0,0,0,0,0,0,0,0,0,0.432892,0.228764,1.33274,0,0,0.106903,0.360696,1.7,1.22577,0,0,0,-0.616276,-0.141527,2.93,0,0,0,0,0,0,0,0,0,0,0,0,0,2.81054,0.0184407,3.19283,0,0,0.367376,1.23902,7.6282,4.21062,0,0,0,0,0,11.8388,1.48702,0.785824,4.57809,0,0,0.367219,1.23902,5.85406,4.21062,0,0,0,-2.11696,-0.486156,10.0647,,,,,,,,,,,,,,,
2026-06-18 13:08:37,"OffSml-Non-AdvIDEC","","SACRAMENTO EXECUTIVE","Metrics 2025 (Oct 2022)",5502.05,5502.05,"Title24Compliance",0:26,FAIL,-7.26,"--","--","E+ Successful (148 warnings)",5076.39,7148.46,3828.78,0,0,1680.93,5448.32,23182.9,23566.7,0,0,0,0,0,46749.6,0,0,0,0,0,0,0,0,0,0,0,0,0,0,0,0,0,0,0,0,0,0,0,0,0,0,6.06237,5.70238,3.68775,0,0,1.50993,4.94711,0,21.9095,19.9298,0,0,0,0,0,41.8393,41.8393,0,0,0,,0,32.75,"Perimeter_ZN_3 Thermal Zone",0,,,,"--","--","CSE Successful, E+ Successful (136 warnings)",2391.96,7725.84,17902.8,0,0,1674.15,5448.32,8278.96,23566.7,0,0,0,-27057.6,193.558,31845.6,0,0,0,0,0,0,0,0,0,0,0,0,0,0,0,0,0,0,0,0,0,0,0,0,0,0,3.07876,6.30123,17.068,0,0,1.50473,4.94711,14.6458,19.9298,0,0,0,-17.7122,-0.541887,34.5756,34.5756,0,0,0,,0,0,,0,1.1838,0.0231266,0.35827,0,0,0.0803059,0.234218,1.87972,0.60734,0,0,0,0,0,2.48706,0.789995,0.083956,1.1307,0,0,0.0822758,0.234218,1.94675,0.60734,0,0,0,-0.0447661,-0.32963,2.55409,"CBECC 2025.2.1.1 (1409)","BEMCmpMgr 2025.2.1.1 (890)","CA 2025 Nonresidential, Vers. 1.0","3.10.0+e80a80c812","26.2.0-e34dc4614b","CSE 0.928.0 EXE","C:\dev\bigladder\CBECC\Weather\2025\","C:\dev\bigladder\CBECC\Test\",,,0.796366,0.184588,0.303054,0,0,0.10695,0.360696,1.75,1.22577,0,0,0,0,0,2.98,0,0,0,0,0,0,0,0,0,0,0,0,0,0.432892,0.228764,1.33274,0,0,0.106903,0.360696,1.7,1.22577,0,0,0,-0.616276,-0.141527,2.93,0,0,0,0,0,0,0,0,0,0,0,0,0,2.73558,0.634077,1.04101,0,0,0.367381,1.23902,6.01708,4.21062,0,0,0,0,0,10.2277,1.48702,0.785824,4.57809,0,0,0.367219,1.23902,5.85406,4.21062,0,0,0,-2.11696,-0.486156,10.0647,,,,,,,,,,,,,,,
2026-06-18 16:37:18,"OffSml-AdvIDEC","","SACRAMENTO EXECUTIVE","Metrics 2025 (Oct 2022)",5502.05,5502.05,"Title24Compliance",1:11,FAIL,-10.78,"--","--","E+ Successful (1660 warnings)",5229.03,107.251,13729.2,0,0,1680.94,5448.32,26194.7,23566.7,0,0,0,0,0,49761.4,0,0,0,0,0,0,0,0,0,0,0,0,0,0,0,0,0,0,0,0,0,0,0,0,0,0,6.22546,0.103115,12.6413,0,0,1.50993,4.94711,0,25.4269,19.9298,0,0,0,0,0,45.3567,45.3567,0,0,0,,0,33,"Perimeter_ZN_3 Thermal Zone",0,,,,"--","--","CSE Successful, E+ Successful (136 warnings)",2391.96,7725.84,17902.8,0,0,1674.15,5448.32,8278.96,23566.7,0,0,0,-27057.6,193.558,31845.6,0,0,0,0,0,0,0,0,0,0,0,0,0,0,0,0,0,0,0,0,0,0,0,0,0,0,3.07876,6.30123,17.068,0,0,1.50473,4.94711,14.6458,19.9298,0,0,0,-17.7122,-0.541887,34.5756,34.5756,0,0,0,,0,0,,0,1.19903,0.00817392,0.834667,0,0,0.0802933,0.234218,2.35638,0.60734,0,0,0,0,0,2.96372,0.789995,0.083956,1.1307,0,0,0.0822758,0.234218,1.94675,0.60734,0,0,0,-0.0447661,-0.32963,2.55409,"CBECC 2025.2.1.1 (1409)","BEMCmpMgr 2025.2.1.1 (890)","CA 2025 Nonresidential, Vers. 1.0","3.10.0+e80a80c812","26.2.0-4aa67c0c4a","CSE 0.928.0 EXE","C:\dev\bigladder\CBECC\Weather\2025\","C:\dev\bigladder\CBECC\Test\",,,0.815647,0.00777434,0.929729,0,0,0.106949,0.360696,2.23,1.22577,0,0,0,0,0,3.46,0,0,0,0,0,0,0,0,0,0,0,0,0,0.432892,0.228764,1.33274,0,0,0.106903,0.360696,1.7,1.22577,0,0,0,-0.616276,-0.141527,2.93,0,0,0,0,0,0,0,0,0,0,0,0,0,2.80181,0.0267055,3.1937,0,0,0.367379,1.23902,7.62862,4.21062,0,0,0,0,0,11.8392,1.48702,0.785824,4.57809,0,0,0.367219,1.23902,5.85406,4.21062,0,0,0,-2.11696,-0.486156,10.0647,,,,,,,,,,,,,,,
2026-06-18 16:40:11,"OffSml-VentOnly","","SACRAMENTO EXECUTIVE","Metrics 2025 (Oct 2022)",5502.05,5502.05,"Title24Compliance",0:31,FAIL,-7.26,"--","--","E+ Successful (148 warnings)",5076.39,7148.46,3828.78,0,0,1680.93,5448.32,23182.9,23566.7,0,0,0,0,0,46749.6,0,0,0,0,0,0,0,0,0,0,0,0,0,0,0,0,0,0,0,0,0,0,0,0,0,0,6.06237,5.70238,3.68775,0,0,1.50993,4.94711,0,21.9095,19.9298,0,0,0,0,0,41.8393,41.8393,0,0,0,,0,32.75,"Perimeter_ZN_3 Thermal Zone",0,,,,"--","--","CSE Successful, E+ Successful (136 warnings)",2391.96,7725.84,17902.8,0,0,1674.15,5448.32,8278.96,23566.7,0,0,0,-27057.6,193.558,31845.6,0,0,0,0,0,0,0,0,0,0,0,0,0,0,0,0,0,0,0,0,0,0,0,0,0,0,3.07876,6.30123,17.068,0,0,1.50473,4.94711,14.6458,19.9298,0,0,0,-17.7122,-0.541887,34.5756,34.5756,0,0,0,,0,0,,0,1.1838,0.0231266,0.35827,0,0,0.0803059,0.234218,1.87972,0.60734,0,0,0,0,0,2.48706,0.789995,0.083956,1.1307,0,0,0.0822758,0.234218,1.94675,0.60734,0,0,0,-0.0447661,-0.32963,2.55409,"CBECC 2025.2.1.1 (1409)","BEMCmpMgr 2025.2.1.1 (890)","CA 2025 Nonresidential, Vers. 1.0","3.10.0+e80a80c812","26.2.0-4aa67c0c4a","CSE 0.928.0 EXE","C:\dev\bigladder\CBECC\Weather\2025\","C:\dev\bigladder\CBECC\Test\",,,0.796366,0.184588,0.303054,0,0,0.10695,0.360696,1.75,1.22577,0,0,0,0,0,2.98,0,0,0,0,0,0,0,0,0,0,0,0,0,0.432892,0.228764,1.33274,0,0,0.106903,0.360696,1.7,1.22577,0,0,0,-0.616276,-0.141527,2.93,0,0,0,0,0,0,0,0,0,0,0,0,0,2.73558,0.634077,1.04101,0,0,0.367381,1.23902,6.01708,4.21062,0,0,0,0,0,10.2277,1.48702,0.785824,4.57809,0,0,0.367219,1.23902,5.85406,4.21062,0,0,0,-2.11696,-0.486156,10.0647,,,,,,,,,,,,,,,
2026-06-18 16:49:37,"OffSml-SZAC","","SACRAMENTO EXECUTIVE","Metrics 2025 (Oct 2022)",5502.05,5502.05,"Title24Compliance",0:35,FAIL,-23.24,"--","--","E+ Successful (143 warnings)",2900.18,7484.46,22709.2,0,0,1680.93,5448.32,40223,23566.7,0,0,0,0,0,63789.7,0,0,0,0,0,0,0,0,0,0,0,0,0,0,0,0,0,0,0,0,0,0,0,0,0,0,3.69547,6.12527,21.5968,0,0,1.50992,4.94711,0,37.8746,19.9298,0,0,0,0,0,57.8044,57.8044,0,0,0,,0,0,,0,,,,"--","--","CSE Successful, E+ Successful (136 warnings)",2391.96,7725.84,17902.8,0,0,1674.15,5448.32,8278.96,23566.7,0,0,0,-27057.6,193.558,31845.6,0,0,0,0,0,0,0,0,0,0,0,0,0,0,0,0,0,0,0,0,0,0,0,0,0,0,3.07876,6.30123,17.068,0,0,1.50473,4.94711,14.6458,19.9298,0,0,0,-17.7122,-0.541887,34.5756,34.5756,0,0,0,,0,0,,0,0.962731,0.0796187,1.37106,0,0,0.0803114,0.234218,2.72794,0.60734,0,0,0,0,0,3.33528,0.789995,0.083956,1.1307,0,0,0.0822758,0.234218,1.94675,0.60734,0,0,0,-0.0447661,-0.32963,2.55409,"CBECC 2025.2.1.1 (1409)","BEMCmpMgr 2025.2.1.1 (890)","CA 2025 Nonresidential, Vers. 1.0","3.10.0+e80a80c812","26.2.0-4aa67c0c4a","CSE 0.928.0 EXE","C:\dev\bigladder\CBECC\Weather\2025\","C:\dev\bigladder\CBECC\Test\",,,0.506561,0.221932,1.67692,0,0,0.10695,0.360696,2.88,1.22577,0,0,0,0,0,4.11,0,0,0,0,0,0,0,0,0,0,0,0,0,0.432892,0.228764,1.33274,0,0,0.106903,0.360696,1.7,1.22577,0,0,0,-0.616276,-0.141527,2.93,0,0,0,0,0,0,0,0,0,0,0,0,0,1.74008,0.762354,5.76037,0,0,0.367383,1.23902,9.86921,4.21062,0,0,0,0,0,14.0798,1.48702,0.785824,4.57809,0,0,0.367219,1.23902,5.85406,4.21062,0,0,0,-2.11696,-0.486156,10.0647,,,,,,,,,,,,,,,
2026-06-19 14:36:02,"OffSml-PTHP","","SACRAMENTO EXECUTIVE","Metrics 2025 (Oct 2022)",5502.05,5502.05,"Title24Compliance",0:33,FAIL,-25.91,"--","--","E+ Successful (143 warnings)",3157.52,10096.5,22882.1,0,0,1680.93,5448.32,43265.4,23566.7,0,0,0,0,0,66832.1,0,0,0,0,0,0,0,0,0,0,0,0,0,0,0,0,0,0,0,0,0,0,0,0,0,0,3.98268,8.27763,21.8408,0,0,1.50992,4.94711,0,40.5582,19.9298,0,0,0,0,0,60.488,60.488,0,0,0,,0,29.75,"Perimeter_ZN_1 Thermal Zone",0,,,,"--","--","CSE Successful, E+ Successful (136 warnings)",2391.96,7725.84,17902.8,0,0,1674.15,5448.32,8278.96,23566.7,0,0,0,-27057.6,193.558,31845.6,0,0,0,0,0,0,0,0,0,0,0,0,0,0,0,0,0,0,0,0,0,0,0,0,0,0,3.07876,6.30123,17.068,0,0,1.50473,4.94711,14.6458,19.9298,0,0,0,-17.7122,-0.541887,34.5756,34.5756,0,0,0,,0,0,,0,1.01099,0.106019,1.44586,0,0,0.0803193,0.234218,2.87741,0.60734,0,0,0,0,0,3.48475,0.789995,0.083956,1.1307,0,0,0.0822758,0.234218,1.94675,0.60734,0,0,0,-0.0447661,-0.32963,2.55409,"CBECC 2025.2.1.1 (1409)","BEMCmpMgr 2025.2.1.1 (890)","CA 2025 Nonresidential, Vers. 1.0","3.10.0+e80a80c812","26.2.0-4aa67c0c4a","CSE 0.928.0 EXE","C:\dev\bigladder\CBECC\Weather\2025\","C:\dev\bigladder\CBECC\Test\",,,0.538634,0.298869,1.71477,0,0,0.10695,0.360696,3.02,1.22577,0,0,0,0,0,4.25,0,0,0,0,0,0,0,0,0,0,0,0,0,0.432892,0.228764,1.33274,0,0,0.106903,0.360696,1.7,1.22577,0,0,0,-0.616276,-0.141527,2.93,0,0,0,0,0,0,0,0,0,0,0,0,0,1.85025,1.02664,5.89037,0,0,0.367382,1.23902,10.3737,4.21062,0,0,0,0,0,14.5843,1.48702,0.785824,4.57809,0,0,0.367219,1.23902,5.85406,4.21062,0,0,0,-2.11696,-0.486156,10.0647,,,,,,,,,,,,,,,
2026-06-19 15:15:38,"OffSml-SPVHP","","SACRAMENTO EXECUTIVE","Metrics 2025 (Oct 2022)",5502.05,5502.05,"Title24Compliance",0:30,FAIL,-24.19,"--","--","E+ Successful (143 warnings)",2966.39,8534.8,22709.4,0,0,1680.93,5448.32,41339.8,23566.7,0,0,0,0,0,64906.5,0,0,0,0,0,0,0,0,0,0,0,0,0,0,0,0,0,0,0,0,0,0,0,0,0,0,3.781,6.99751,21.597,0,0,1.50992,4.94711,0,38.8326,19.9298,0,0,0,0,0,58.7623,58.7623,0,0,0,,0,0,,0,,,,"--","--","CSE Successful, E+ Successful (136 warnings)",2391.96,7725.84,17902.8,0,0,1674.15,5448.32,8278.96,23566.7,0,0,0,-27057.6,193.558,31845.6,0,0,0,0,0,0,0,0,0,0,0,0,0,0,0,0,0,0,0,0,0,0,0,0,0,0,3.07876,6.30123,17.068,0,0,1.50473,4.94711,14.6458,19.9298,0,0,0,-17.7122,-0.541887,34.5756,34.5756,0,0,0,,0,0,,0,0.985946,0.0895834,1.37106,0,0,0.0803114,0.234218,2.76112,0.60734,0,0,0,0,0,3.36846,0.789995,0.083956,1.1307,0,0,0.0822758,0.234218,1.94675,0.60734,0,0,0,-0.0447661,-0.32963,2.55409,"CBECC 2025.2.1.1 (1409)","BEMCmpMgr 2025.2.1.1 (890)","CA 2025 Nonresidential, Vers. 1.0","3.10.0+e80a80c812","26.2.0-4aa67c0c4a","CSE 0.928.0 EXE","C:\dev\bigladder\CBECC\Weather\2025\","C:\dev\bigladder\CBECC\Test\",,,0.518436,0.252742,1.67693,0,0,0.10695,0.360696,2.92,1.22577,0,0,0,0,0,4.15,0,0,0,0,0,0,0,0,0,0,0,0,0,0.432892,0.228764,1.33274,0,0,0.106903,0.360696,1.7,1.22577,0,0,0,-0.616276,-0.141527,2.93,0,0,0,0,0,0,0,0,0,0,0,0,0,1.78087,0.868189,5.7604,0,0,0.367383,1.23902,10.0159,4.21062,0,0,0,0,0,14.2265,1.48702,0.785824,4.57809,0,0,0.367219,1.23902,5.85406,4.21062,0,0,0,-2.11696,-0.486156,10.0647,,,,,,,,,,,,,,,
2026-06-19 15:38:09,"OffSml-AirSyst","","SACRAMENTO EXECUTIVE","Metrics 2025 (Oct 2022)",5502.05,5502.05,"Title24Compliance",0:35,FAIL,-24.09,"--","--","E+ Successful (143 warnings)",3164.13,8337.64,22486.3,0,0,1680.93,5448.32,41117.3,23566.7,0,0,0,0,0,64684,0,0,0,0,0,0,0,0,0,0,0,0,0,0,0,0,0,0,0,0,0,0,0,0,0,0,4.07003,6.83123,21.3836,0,0,1.50989,4.94711,0,38.7418,19.9298,0,0,0,0,0,58.6716,58.6716,0,0,0,,0,0,,0,,,,"--","--","CSE Successful, E+ Successful (136 warnings)",2391.96,7725.84,17902.8,0,0,1674.15,5448.32,8278.96,23566.7,0,0,0,-27057.6,193.558,31845.6,0,0,0,0,0,0,0,0,0,0,0,0,0,0,0,0,0,0,0,0,0,0,0,0,0,0,3.07876,6.30123,17.068,0,0,1.50473,4.94711,14.6458,19.9298,0,0,0,-17.7122,-0.541887,34.5756,34.5756,0,0,0,,0,0,,0,1.08021,0.0912136,1.35571,0,0,0.0803098,0.234218,2.84165,0.60734,0,0,0,0,0,3.44899,0.789995,0.083956,1.1307,0,0,0.0822758,0.234218,1.94675,0.60734,0,0,0,-0.0447661,-0.32963,2.55409,"CBECC 2025.2.1.1 (1409)","BEMCmpMgr 2025.2.1.1 (890)","CA 2025 Nonresidential, Vers. 1.0","3.10.0+e80a80c812","26.2.0-4aa67c0c4a","CSE 0.928.0 EXE","C:\dev\bigladder\CBECC\Weather\2025\","C:\dev\bigladder\CBECC\Test\",,,0.565441,0.249258,1.66025,0,0,0.106951,0.360696,2.95,1.22577,0,0,0,0,0,4.18,0,0,0,0,0,0,0,0,0,0,0,0,0,0.432892,0.228764,1.33274,0,0,0.106903,0.360696,1.7,1.22577,0,0,0,-0.616276,-0.141527,2.93,0,0,0,0,0,0,0,0,0,0,0,0,0,1.94234,0.856223,5.70311,0,0,0.367387,1.23902,10.1081,4.21062,0,0,0,0,0,14.3187,1.48702,0.785824,4.57809,0,0,0.367219,1.23902,5.85406,4.21062,0,0,0,-2.11696,-0.486156,10.0647,,,,,,,,,,,,,,,
2026-06-19 15:45:02,"OffSml-AirSyst","","SACRAMENTO EXECUTIVE","Metrics 2025 (Oct 2022)",5502.05,5502.05,"Title24Compliance",0:38,FAIL,-24.45,"--","--","E+ Successful (143 warnings)",3451.3,8337.64,22486.3,0,0,1680.93,5448.32,41404.4,23566.7,0,0,0,0,0,64971.1,0,0,0,0,0,0,0,0,0,0,0,0,0,0,0,0,0,0,0,0,0,0,0,0,0,0,4.43112,6.83123,21.3836,0,0,1.50989,4.94711,0,39.1029,19.9298,0,0,0,0,0,59.0327,59.0327,0,0,0,,0,0,,0,,,,"--","--","CSE Successful, E+ Successful (136 warnings)",2391.96,7725.84,17902.8,0,0,1674.15,5448.32,8278.96,23566.7,0,0,0,-27057.6,193.558,31845.6,0,0,0,0,0,0,0,0,0,0,0,0,0,0,0,0,0,0,0,0,0,0,0,0,0,0,3.07876,6.30123,17.068,0,0,1.50473,4.94711,14.6458,19.9298,0,0,0,-17.7122,-0.541887,34.5756,34.5756,0,0,0,,0,0,,0,1.16749,0.0912136,1.35571,0,0,0.0803098,0.234218,2.92893,0.60734,0,0,0,0,0,3.53627,0.789995,0.083956,1.1307,0,0,0.0822758,0.234218,1.94675,0.60734,0,0,0,-0.0447661,-0.32963,2.55409,"CBECC 2025.2.1.1 (1409)","BEMCmpMgr 2025.2.1.1 (890)","CA 2025 Nonresidential, Vers. 1.0","3.10.0+e80a80c812","26.2.0-4aa67c0c4a","CSE 0.928.0 EXE","C:\dev\bigladder\CBECC\Weather\2025\","C:\dev\bigladder\CBECC\Test\",,,0.614923,0.249258,1.66025,0,0,0.106951,0.360696,2.99,1.22577,0,0,0,0,0,4.22,0,0,0,0,0,0,0,0,0,0,0,0,0,0.432892,0.228764,1.33274,0,0,0.106903,0.360696,1.7,1.22577,0,0,0,-0.616276,-0.141527,2.93,0,0,0,0,0,0,0,0,0,0,0,0,0,2.11231,0.856223,5.70311,0,0,0.367387,1.23902,10.2781,4.21062,0,0,0,0,0,14.4887,1.48702,0.785824,4.57809,0,0,0.367219,1.23902,5.85406,4.21062,0,0,0,-2.11696,-0.486156,10.0647,,,,,,,,,,,,,,,
2026-07-02 14:05:01,"OffSml-SZAC","","SACRAMENTO EXECUTIVE","Metrics 2025 (Oct 2022)",5502.05,5502.05,"Title24Compliance",0:54,FAIL,-23.24,"--","--","E+ Successful (143 warnings)",2900.18,7484.46,22709.2,0,0,1680.93,5448.32,40223,23566.7,0,0,0,0,0,63789.7,0,0,0,0,0,0,0,0,0,0,0,0,0,0,0,0,0,0,0,0,0,0,0,0,0,0,3.69547,6.12527,21.5968,0,0,1.50992,4.94711,0,37.8746,19.9298,0,0,0,0,0,57.8044,57.8044,0,0,0,,0,0,,0,,,,"--","--","CSE Successful, E+ Successful (136 warnings)",2391.96,7725.84,17902.8,0,0,1674.15,5448.32,8278.96,23566.7,0,0,0,-27057.6,193.558,31845.6,0,0,0,0,0,0,0,0,0,0,0,0,0,0,0,0,0,0,0,0,0,0,0,0,0,0,3.07876,6.30123,17.068,0,0,1.50473,4.94711,14.6458,19.9298,0,0,0,-17.7122,-0.541887,34.5756,34.5756,0,0,0,,0,0,,0,0.962731,0.0796187,1.37106,0,0,0.0803114,0.234218,2.72794,0.60734,0,0,0,0,0,3.33528,0.789995,0.083956,1.1307,0,0,0.0822758,0.234218,1.94675,0.60734,0,0,0,-0.0447661,-0.32963,2.55409,"CBECC 2025.2.1.1 (1409)","BEMCmpMgr 2025.2.1.1 (890)","CA 2025 Nonresidential, Vers. 1.0","3.10.0+e80a80c812","26.2.0-4aa67c0c4a","CSE 0.928.0 EXE","C:\dev\bigladder\CBECC\Weather\2025\","C:\dev\bigladder\CBECC\Test\",,,0.506561,0.221932,1.67692,0,0,0.10695,0.360696,2.88,1.22577,0,0,0,0,0,4.11,0,0,0,0,0,0,0,0,0,0,0,0,0,0.432892,0.228764,1.33274,0,0,0.106903,0.360696,1.7,1.22577,0,0,0,-0.616276,-0.141527,2.93,0,0,0,0,0,0,0,0,0,0,0,0,0,1.74008,0.762354,5.76037,0,0,0.367383,1.23902,9.86921,4.21062,0,0,0,0,0,14.0798,1.48702,0.785824,4.57809,0,0,0.367219,1.23902,5.85406,4.21062,0,0,0,-2.11696,-0.486156,10.0647,,,,,,,,,,,,,,,
2026-07-10 14:35:56,"OffSml-AirSyst-FanOnly","","SACRAMENTO EXECUTIVE","Metrics 2025 (Oct 2022)",5502.05,5502.05,"Title24Compliance",0:30,FAIL,-24.38,"--","--","E+ Successful (142 warnings)",3338.91,8873.09,22194.9,0,0,1680.93,5448.32,41536.2,23566.7,0,0,0,0,0,65102.8,0,0,0,0,0,0,0,0,0,0,0,0,0,0,0,0,0,0,0,0,0,0,0,0,0,0,4.27476,7.25396,21.05,0,0,1.5099,4.94711,0,39.0357,19.9298,0,0,0,0,0,58.9655,58.9655,0,0,0,,0,28.5,"Core_ZN Thermal Zone",0,,,,"--","--","CSE Successful, E+ Successful (136 warnings)",2391.96,7725.84,17902.8,0,0,1674.15,5448.32,8278.96,23566.7,0,0,0,-27057.6,193.558,31845.6,0,0,0,0,0,0,0,0,0,0,0,0,0,0,0,0,0,0,0,0,0,0,0,0,0,0,3.07876,6.30123,17.068,0,0,1.50473,4.94711,14.6458,19.9298,0,0,0,-17.7122,-0.541887,34.5756,34.5756,0,0,0,,0,0,,0,1.11444,0.0921137,1.33824,0,0,0.0803289,0.234218,2.85934,0.60734,0,0,0,0,0,3.46668,0.789995,0.083956,1.1307,0,0,0.0822758,0.234218,1.94675,0.60734,0,0,0,-0.0447661,-0.32963,2.55409,"CBECC 2025.2.1.1 (1409)","BEMCmpMgr 2025.2.1.1 (890)","CA 2025 Nonresidential, Vers. 1.0","3.10.0+e80a80c812","26.2.0-4aa67c0c4a","CSE 0.928.0 EXE","C:\dev\bigladder\CBECC\Weather\2025\","C:\dev\bigladder\CBECC\Test\",,,0.59179,0.261443,1.61913,0,0,0.106951,0.360696,2.94,1.22577,0,0,0,0,0,4.17,0,0,0,0,0,0,0,0,0,0,0,0,0,0.432892,0.228764,1.33274,0,0,0.106903,0.360696,1.7,1.22577,0,0,0,-0.616276,-0.141527,2.93,0,0,0,0,0,0,0,0,0,0,0,0,0,2.03285,0.898078,5.56184,0,0,0.367385,1.23902,10.0992,4.21062,0,0,0,0,0,14.3098,1.48702,0.785824,4.57809,0,0,0.367219,1.23902,5.85406,4.21062,0,0,0,-2.11696,-0.486156,10.0647,,,,,,,,,,,,,,,
2026-07-10 14:39:31,"OffSml-AirSyst-FanOnly","","SACRAMENTO EXECUTIVE","Metrics 2025 (Oct 2022)",5502.05,5502.05,"Title24Compliance",0:28,FAIL,-24.52,"--","--","E+ Successful (138 warnings)",2925.41,10308.9,21826.7,0,0,1680.93,5448.32,42190.3,23566.7,0,0,0,0,0,65757,0,0,0,0,0,0,0,0,0,0,0,0,0,0,0,0,0,0,0,0,0,0,0,0,0,0,3.67181,8.40236,20.6433,0,0,1.5099,4.94711,0,39.1745,19.9298,0,0,0,0,0,59.1043,59.1043,0,0,0,,0,30.75,"Perimeter_ZN_3 Thermal Zone",0,,,,"--","--","CSE Successful, E+ Successful (136 warnings)",2391.96,7725.84,17902.8,0,0,1674.15,5448.32,8278.96,23566.7,0,0,0,-27057.6,193.558,31845.6,0,0,0,0,0,0,0,0,0,0,0,0,0,0,0,0,0,0,0,0,0,0,0,0,0,0,3.07876,6.30123,17.068,0,0,1.50473,4.94711,14.6458,19.9298,0,0,0,-17.7122,-0.541887,34.5756,34.5756,0,0,0,,0,0,,0,0.89704,0.0927324,1.36607,0,0,0.0803356,0.234218,2.6704,0.60734,0,0,0,0,0,3.27774,0.789995,0.083956,1.1307,0,0,0.0822758,0.234218,1.94675,0.60734,0,0,0,-0.0447661,-0.32963,2.55409,"CBECC 2025.2.1.1 (1409)","BEMCmpMgr 2025.2.1.1 (890)","CA 2025 Nonresidential, Vers. 1.0","3.10.0+e80a80c812","26.2.0-4aa67c0c4a","CSE 0.928.0 EXE","C:\dev\bigladder\CBECC\Weather\2025\","C:\dev\bigladder\CBECC\Test\",,,0.49861,0.296567,1.56975,0,0,0.106949,0.360696,2.84,1.22577,0,0,0,0,0,4.07,0,0,0,0,0,0,0,0,0,0,0,0,0,0.432892,0.228764,1.33274,0,0,0.106903,0.360696,1.7,1.22577,0,0,0,-0.616276,-0.141527,2.93,0,0,0,0,0,0,0,0,0,0,0,0,0,1.71277,1.01873,5.39223,0,0,0.36738,1.23902,9.73014,4.21062,0,0,0,0,0,13.9408,1.48702,0.785824,4.57809,0,0,0.367219,1.23902,5.85406,4.21062,0,0,0,-2.11696,-0.486156,10.0647,,,,,,,,,,,,,,,
2026-07-10 14:48:54,"OffSml-AirSyst-FanOnly","","SACRAMENTO EXECUTIVE","Metrics 2025 (Oct 2022)",5502.05,5502.05,"Title24Compliance",1:17,FAIL,-24.52,"--","--","E+ Successful (138 warnings)",2925.41,10308.9,21826.7,0,0,1680.93,5448.32,42190.3,23566.7,0,0,0,0,0,65757,0,0,0,0,0,0,0,0,0,0,0,0,0,0,0,0,0,0,0,0,0,0,0,0,0,0,3.67181,8.40236,20.6433,0,0,1.5099,4.94711,0,39.1745,19.9298,0,0,0,0,0,59.1043,59.1043,0,0,0,,0,30.75,"Perimeter_ZN_3 Thermal Zone",0,,,,"--","--","CSE Successful, E+ Successful (136 warnings)",2391.96,7725.84,17902.8,0,0,1674.15,5448.32,8278.96,23566.7,0,0,0,-27057.6,193.558,31845.6,0,0,0,0,0,0,0,0,0,0,0,0,0,0,0,0,0,0,0,0,0,0,0,0,0,0,3.07876,6.30123,17.068,0,0,1.50473,4.94711,14.6458,19.9298,0,0,0,-17.7122,-0.541887,34.5756,34.5756,0,0,0,,0,0,,0,0.89704,0.0927324,1.36607,0,0,0.0803356,0.234218,2.6704,0.60734,0,0,0,0,0,3.27774,0.789995,0.083956,1.1307,0,0,0.0822758,0.234218,1.94675,0.60734,0,0,0,-0.0447661,-0.32963,2.55409,"CBECC 2025.2.1.1 (1409)","BEMCmpMgr 2025.2.1.1 (890)","CA 2025 Nonresidential, Vers. 1.0","3.10.0+e80a80c812","26.2.0-4aa67c0c4a","CSE 0.928.0 EXE","C:\dev\bigladder\CBECC\Weather\2025\","C:\dev\bigladder\CBECC\Test\",,,0.49861,0.296567,1.56975,0,0,0.106949,0.360696,2.84,1.22577,0,0,0,0,0,4.07,0,0,0,0,0,0,0,0,0,0,0,0,0,0.432892,0.228764,1.33274,0,0,0.106903,0.360696,1.7,1.22577,0,0,0,-0.616276,-0.141527,2.93,0,0,0,0,0,0,0,0,0,0,0,0,0,1.71277,1.01873,5.39223,0,0,0.36738,1.23902,9.73014,4.21062,0,0,0,0,0,13.9408,1.48702,0.785824,4.57809,0,0,0.367219,1.23902,5.85406,4.21062,0,0,0,-2.11696,-0.486156,10.0647,,,,,,,,,,,,,,,
2026-07-10 14:54:58,"OffSml-AirSyst-FanOnly","","SACRAMENTO EXECUTIVE","Metrics 2025 (Oct 2022)",5502.05,5502.05,"Title24Compliance",1:50,FAIL,-24.52,"--","--","E+ Successful (138 warnings)",2925.41,10308.9,21826.7,0,0,1680.93,5448.32,42190.3,23566.7,0,0,0,0,0,65757,0,0,0,0,0,0,0,0,0,0,0,0,0,0,0,0,0,0,0,0,0,0,0,0,0,0,3.67181,8.40236,20.6433,0,0,1.5099,4.94711,0,39.1745,19.9298,0,0,0,0,0,59.1043,59.1043,0,0,0,,0,30.75,"Perimeter_ZN_3 Thermal Zone",0,,,,"--","--","CSE Successful, E+ Successful (136 warnings)",2391.96,7725.84,17902.8,0,0,1674.15,5448.32,8278.96,23566.7,0,0,0,-27057.6,193.558,31845.6,0,0,0,0,0,0,0,0,0,0,0,0,0,0,0,0,0,0,0,0,0,0,0,0,0,0,3.07876,6.30123,17.068,0,0,1.50473,4.94711,14.6458,19.9298,0,0,0,-17.7122,-0.541887,34.5756,34.5756,0,0,0,,0,0,,0,0.89704,0.0927324,1.36607,0,0,0.0803356,0.234218,2.6704,0.60734,0,0,0,0,0,3.27774,0.789995,0.083956,1.1307,0,0,0.0822758,0.234218,1.94675,0.60734,0,0,0,-0.0447661,-0.32963,2.55409,"CBECC 2025.2.1.1 (1409)","BEMCmpMgr 2025.2.1.1 (890)","CA 2025 Nonresidential, Vers. 1.0","3.10.0+e80a80c812","26.2.0-4aa67c0c4a","CSE 0.928.0 EXE","C:\dev\bigladder\CBECC\Weather\2025\","C:\dev\bigladder\CBECC\Test\",,,0.49861,0.296567,1.56975,0,0,0.106949,0.360696,2.84,1.22577,0,0,0,0,0,4.07,0,0,0,0,0,0,0,0,0,0,0,0,0,0.432892,0.228764,1.33274,0,0,0.106903,0.360696,1.7,1.22577,0,0,0,-0.616276,-0.141527,2.93,0,0,0,0,0,0,0,0,0,0,0,0,0,1.71277,1.01873,5.39223,0,0,0.36738,1.23902,9.73014,4.21062,0,0,0,0,0,13.9408,1.48702,0.785824,4.57809,0,0,0.367219,1.23902,5.85406,4.21062,0,0,0,-2.11696,-0.486156,10.0647,,,,,,,,,,,,,,,
2026-07-10 15:11:43,"OffSml-AirSyst-FanOnly-100OA","","SACRAMENTO EXECUTIVE","Metrics 2025 (Oct 2022)",5502.05,5502.05,"Title24Compliance",0:31,FAIL,-59.15,"--","--","E+ Successful (148 warnings)",27272.7,12742.9,27523.2,0,0,1680.93,5448.32,74668,23566.7,0,0,0,0,0,98234.7,0,0,0,0,0,0,0,0,0,0,0,0,0,0,0,0,0,0,0,0,0,0,0,0,0,0,29.8613,10.6355,26.8368,0,0,1.50984,4.94711,0,73.7905,19.9298,0,0,0,0,0,93.7203,93.7203,0,0,305.5,"Core_ZN Thermal Zone",2,360.25,"Core_ZN Thermal Zone",3,,,,"--","--","CSE Successful, E+ Successful (136 warnings)",2391.96,7725.84,17902.8,0,0,1674.15,5448.32,8278.96,23566.7,0,0,0,-27057.6,193.558,31845.6,0,0,0,0,0,0,0,0,0,0,0,0,0,0,0,0,0,0,0,0,0,0,0,0,0,0,3.07876,6.30123,17.068,0,0,1.50473,4.94711,14.6458,19.9298,0,0,0,-17.7122,-0.541887,34.5756,34.5756,0,0,0,,0,0,,0,3.85591,0.023217,2.16027,0,0,0.0802757,0.234218,6.35389,0.60734,0,0,0,0,0,6.96123,0.789995,0.083956,1.1307,0,0,0.0822758,0.234218,1.94675,0.60734,0,0,0,-0.0447661,-0.32963,2.55409,"CBECC 2025.2.1.1 (1409)","BEMCmpMgr 2025.2.1.1 (890)","CA 2025 Nonresidential, Vers. 1.0","3.10.0+e80a80c812","26.2.0-4aa67c0c4a","CSE 0.928.0 EXE","C:\dev\bigladder\CBECC\Weather\2025\","C:\dev\bigladder\CBECC\Test\",,,3.50292,0.366415,2.25032,0,0,0.10695,0.360696,6.59,1.22577,0,0,0,0,0,7.82,0,0,0,0,0,0,0,0,0,0,0,0,0,0.432892,0.228764,1.33274,0,0,0.106903,0.360696,1.7,1.22577,0,0,0,-0.616276,-0.141527,2.93,0,0,0,0,0,0,0,0,0,0,0,0,0,12.0328,1.25867,7.73004,0,0,0.367383,1.23902,22.6279,4.21062,0,0,0,0,0,26.8386,1.48702,0.785824,4.57809,0,0,0.367219,1.23902,5.85406,4.21062,0,0,0,-2.11696,-0.486156,10.0647,,,,,,,,,,,,,,,
